base,reconciliation,level,nodes,rmsse,mase,rmsse_se
croston_sba,base,bottom,30490,0.9097398997500131,1.6002223462990943,0.002734922270077318
croston_sba,base,state,3,1.1319505186870022,1.2680119595645796,0.11704837020164971
croston_sba,base,store,10,1.1308643781352048,1.3213012007510323,0.13093273792941712
croston_sba,base,store_cat,30,1.0635080652421132,1.187094713744742,0.06512134686217373
croston_sba,base,store_dept,70,1.0270701630595485,1.1359304591210937,0.043595867596414976
croston_sba,base,total,1,1.1825980551449686,1.3002360196168519,
croston_sba,bottom_up,bottom,30490,0.9097398997500131,1.6002223462990943,0.002734922270077318
croston_sba,bottom_up,state,3,1.1390321506973375,1.2606218417380417,0.12227898048160298
croston_sba,bottom_up,store,10,1.1469556266637597,1.3241160843726811,0.1347403943602983
croston_sba,bottom_up,store_cat,30,1.0812900553409364,1.1922273821701226,0.06578178604486457
croston_sba,bottom_up,store_dept,70,1.0476343271330621,1.1471168714176456,0.04450471069307441
croston_sba,bottom_up,total,1,1.1895842801972538,1.2932344852161772,
croston_sba,middle_out,bottom,30490,0.9584243005357271,1.606631636559307,0.0030958538863414707
croston_sba,middle_out,state,3,1.1319505202993676,1.2680119583552885,0.11704837072330924
croston_sba,middle_out,store,10,1.1308643781352066,1.321301200751033,0.13093273792941734
croston_sba,middle_out,store_cat,30,1.1970245381926121,1.342495669848078,0.07941525338750034
croston_sba,middle_out,store_dept,70,1.2119375960047274,1.3902187792298122,0.07832028017219687
croston_sba,middle_out,total,1,1.182598056997856,1.3002360176182295,
croston_sba,ols,bottom,30490,0.9099318726406294,1.619027719118972,0.0027283140812210853
croston_sba,ols,state,3,1.1319508516694115,1.2680113988931474,0.11704864455379363
croston_sba,ols,store,10,1.130865451707823,1.3213004262799857,0.1309332016590214
croston_sba,ols,store_cat,30,1.0635089713337629,1.1870970612099858,0.0651211329128491
croston_sba,ols,store_dept,70,1.027080104449329,1.135923551302408,0.043593953745952596
croston_sba,ols,total,1,1.1825984260683735,1.3002356195209228,
croston_sba,top_down,bottom,30490,0.9606639204702924,1.6057571114763698,0.0031148523057832208
croston_sba,top_down,state,3,1.2252049945143348,1.3816119042605128,0.10340829576465871
croston_sba,top_down,store,10,1.4891356266930225,1.7242561959149518,0.24668660636557543
croston_sba,top_down,store_cat,30,1.3397204613966156,1.4961378404828223,0.1178536961714229
croston_sba,top_down,store_dept,70,1.3061859982381947,1.485791706670952,0.09684186182206628
croston_sba,top_down,total,1,1.1825980551449753,1.3002360196168448,
croston_sba,wls_struct,bottom,30490,0.9097082096245808,1.6125345654822012,0.002729841712798341
croston_sba,wls_struct,state,3,1.1329835593319046,1.2662593247189804,0.1179407241310717
croston_sba,wls_struct,store,10,1.133422650437507,1.3209095980592336,0.13160115241172654
croston_sba,wls_struct,store_cat,30,1.0662327168107983,1.1877005596150951,0.06514103269052732
croston_sba,wls_struct,store_dept,70,1.0312150763702783,1.1357398361182363,0.0435527712457966
croston_sba,wls_struct,total,1,1.1836937116388642,1.2990690955085415,
croston_sba,wls_var,bottom,30490,0.9098299111910316,1.6020836123882272,0.0027342601743566815
croston_sba,wls_var,state,3,1.1358754011998593,1.2611375673795668,0.12130644913998506
croston_sba,wls_var,store,10,1.1414890108112357,1.3213497525814524,0.13442639326613384
croston_sba,wls_var,store_cat,30,1.0740721381470133,1.1875141935252158,0.0658553670633958
croston_sba,wls_var,store_dept,70,1.0413657244601626,1.142446797959253,0.044327277118259296
croston_sba,wls_var,total,1,1.1860222334508892,1.2966806542079534,
gbm,base,bottom,30490,0.9443733514803949,1.91138562069942,0.002654655792514598
gbm,base,state,3,1.635064004848995,2.1645827641102633,0.8791020342991912
gbm,base,store,10,1.5074430168917412,1.772999812220812,0.3090966727045597
gbm,base,store_cat,30,1.0988359032848465,1.2174206950712325,0.06307463432595964
gbm,base,store_dept,70,1.2693115105196169,1.4767338343049505,0.08966901328829481
gbm,base,total,1,1.4163728508797606,1.9184687659167576,
gbm,bottom_up,bottom,30490,0.9443733514803949,1.91138562069942,0.002654655792514598
gbm,bottom_up,state,3,0.6428625986956572,0.7119589651715966,0.07478510864159098
gbm,bottom_up,store,10,0.7604867693360666,0.8829810895059669,0.07507255404695329
gbm,bottom_up,store_cat,30,1.000919592845548,1.1454037774303132,0.07011282534243528
gbm,bottom_up,store_dept,70,1.3893995508722756,1.653417600149594,0.11663568413523948
gbm,bottom_up,total,1,0.4373689664759559,0.4885198068280488,
gbm,middle_out,bottom,30490,0.9621824754033959,1.612592446947705,0.00310371817792006
gbm,middle_out,state,3,0.9807637759853972,1.187849505216944,0.2579565198178573
gbm,middle_out,store,10,1.5074430168917423,1.7729998122208133,0.30909667270455976
gbm,middle_out,store_cat,30,1.3801748756903582,1.6033009389262993,0.13977814838088878
gbm,middle_out,store_dept,70,1.3440722917733705,1.5708311915671216,0.09658963774146748
gbm,middle_out,total,1,0.6420857016287823,0.757164483820007,
gbm,ols,bottom,30490,1.0215438696944639,1.92952131936468,0.003305360919520487
gbm,ols,state,3,1.4221054621819302,1.8754629059574792,0.7332544794748401
gbm,ols,store,10,1.5123198232312776,1.9223753799133696,0.3201996035714523
gbm,ols,store_cat,30,2.1420862973091244,2.609183857820925,0.2662664118486024
gbm,ols,store_dept,70,2.918787780955967,3.5653672004897223,0.4020567055323828
gbm,ols,total,1,1.3211991757518633,1.7793899890541094,
gbm,top_down,bottom,30490,0.9561049987449508,1.5690417033001742,0.0031932546472487897
gbm,top_down,state,3,1.3189258321585686,1.6254094798203758,0.20819690444626635
gbm,top_down,store,10,1.5364157026372722,2.004420018707051,0.32801892947199124
gbm,top_down,store_cat,30,1.44676676807057,1.7389530391653802,0.15333548507668324
gbm,top_down,store_dept,70,1.420272529463459,1.7022147621304762,0.1107792709213072
gbm,top_down,total,1,1.416372850879774,1.918468765916777,
gbm,wls_struct,bottom,30490,0.9304477763264831,1.764598359633836,0.0026780492659903865
gbm,wls_struct,state,3,0.8079421076553627,0.9537215157260871,0.22345472714223505
gbm,wls_struct,store,10,0.8825788266107472,1.0283290277041643,0.10830754134227899
gbm,wls_struct,store_cat,30,0.9909966493050558,1.1134190822197394,0.06307861517277387
gbm,wls_struct,store_dept,70,1.1641082620503431,1.3276609261375634,0.07591703729658819
gbm,wls_struct,total,1,0.6292786833752769,0.794313657005124,
gbm,wls_var,bottom,30490,0.9422610935324831,1.9010723791710031,0.0026515518520970707
gbm,wls_var,state,3,0.6155829173118765,0.6797024521994208,0.061676666689744426
gbm,wls_var,store,10,0.7316504561208169,0.8398032675836283,0.06555472291215567
gbm,wls_var,store_cat,30,0.9069247290088479,1.018640263196512,0.057497053772460054
gbm,wls_var,store_dept,70,1.254933556885113,1.4693477529259376,0.09294886866648605
gbm,wls_var,total,1,0.40342712577307693,0.4589587282696153,
seasonal_naive,base,bottom,30490,1.214806688709558,1.8445553078664056,0.0036685314139207285
seasonal_naive,base,state,3,0.8525231350943602,0.923295754530724,0.027756168763659023
seasonal_naive,base,store,10,0.8390829080991488,0.9051649206421614,0.045747337379395535
seasonal_naive,base,store_cat,30,0.9570372528365904,1.0292037641784146,0.036984247285549166
seasonal_naive,base,store_dept,70,1.0366879480698177,1.1315043404944152,0.03567892608490657
seasonal_naive,base,total,1,0.7388287750845508,0.7828729500366369,
seasonal_naive,bottom_up,bottom,30490,1.214806688709558,1.8445553078664056,0.0036685314139207285
seasonal_naive,bottom_up,state,3,0.8525231350943602,0.923295754530724,0.027756168763659023
seasonal_naive,bottom_up,store,10,0.8390829080991488,0.9051649206421614,0.045747337379395535
seasonal_naive,bottom_up,store_cat,30,0.9570372528365904,1.0292037641784146,0.036984247285549166
seasonal_naive,bottom_up,store_dept,70,1.0366879480698177,1.1315043404944152,0.03567892608490657
seasonal_naive,bottom_up,total,1,0.7388287750845508,0.7828729500366369,
seasonal_naive,middle_out,bottom,30490,0.9576263073360083,1.605146709967146,0.003075732335832312
seasonal_naive,middle_out,state,3,0.8525231350943553,0.9232957545307157,0.027756168763659928
seasonal_naive,middle_out,store,10,0.8390829080991511,0.9051649206421633,0.0457473373793955
seasonal_naive,middle_out,store_cat,30,1.0068703973316688,1.1255121537179575,0.04510504464213929
seasonal_naive,middle_out,store_dept,70,1.1072865564645322,1.2770096379666198,0.06729737708591753
seasonal_naive,middle_out,total,1,0.7388287750845545,0.7828729500366415,
seasonal_naive,ols,bottom,30490,1.214806688705933,1.844555309218634,0.0036685314138828356
seasonal_naive,ols,state,3,0.8525231351433566,0.9232957546378353,0.027756168778047305
seasonal_naive,ols,store,10,0.8390829081390075,0.9051649207082969,0.04574733737942751
seasonal_naive,ols,store_cat,30,0.957037252780374,1.0292037641915437,0.03698424725801234
seasonal_naive,ols,store_dept,70,1.0366879486087377,1.1315043405553122,0.035678926011942
seasonal_naive,ols,total,1,0.7388287750888517,0.782872950040886,
seasonal_naive,top_down,bottom,30490,0.9597877237918591,1.6044388535611018,0.0030989253028234644
seasonal_naive,top_down,state,3,0.9042260141578732,0.9654605955695724,0.16444256301613946
seasonal_naive,top_down,store,10,1.306034421459349,1.6030411119008332,0.20582174177972454
seasonal_naive,top_down,store_cat,30,1.1891084235481935,1.3688912575503083,0.10072443441856065
seasonal_naive,top_down,store_dept,70,1.2237178527642452,1.425918507579618,0.08983642761619054
seasonal_naive,top_down,total,1,0.7388287750845574,0.7828729500366519,
seasonal_naive,wls_struct,bottom,30490,1.214806688677278,1.8445553079845958,0.003668531413762511
seasonal_naive,wls_struct,state,3,0.8525231350941792,0.9232957545306335,0.027756168763587132
seasonal_naive,wls_struct,store,10,0.8390829080991544,0.9051649206422072,0.045747337379349724
seasonal_naive,wls_struct,store_cat,30,0.957037252863962,1.029203764199742,0.03698424729350344
seasonal_naive,wls_struct,store_dept,70,1.0366879480462206,1.13150434049033,0.03567892608757057
seasonal_naive,wls_struct,total,1,0.738828775084399,0.7828729500364509,
seasonal_naive,wls_var,bottom,30490,1.2148066887080273,1.8445553079086534,0.0036685314139317258
seasonal_naive,wls_var,state,3,0.8525231350655801,0.923295754525622,0.02775616874032813
seasonal_naive,wls_var,store,10,0.8390829081021997,0.9051649206786132,0.04574733738020702
seasonal_naive,wls_var,store_cat,30,0.9570372528378804,1.0292037642033807,0.036984247277931405
seasonal_naive,wls_var,store_dept,70,1.0366879481108346,1.131504340550409,0.03567892608941358
seasonal_naive,wls_var,total,1,0.7388287750414921,0.782872950002171,
ses,base,bottom,30490,0.9144404056908138,1.6287456723072975,0.002736710993128676
ses,base,state,3,1.1214588130297605,1.2900862298529903,0.11504605233616277
ses,base,store,10,1.3051949899802113,1.5767110073944832,0.20338952150970074
ses,base,store_cat,30,1.1462676352112122,1.3219506352216117,0.08472154499239172
ses,base,store_dept,70,1.0978773609660926,1.2573092228102802,0.05256759440185493
ses,base,total,1,1.16351696539278,1.3635004461623248,
ses,bottom_up,bottom,30490,0.9144404056908138,1.6287456723072975,0.002736710993128676
ses,bottom_up,state,3,1.1513584423426895,1.3442137407884276,0.12788419704483944
ses,bottom_up,store,10,1.150943036813484,1.3983199729114362,0.13019475377560352
ses,bottom_up,store_cat,30,1.0709828338235061,1.2362541470399244,0.06486334152856817
ses,bottom_up,store_dept,70,1.038787261277377,1.1841490222977988,0.044118249341212314
ses,bottom_up,total,1,1.198271986144441,1.461951080738396,
ses,middle_out,bottom,30490,0.9636836913002184,1.6272867099495205,0.003057271115185835
ses,middle_out,state,3,1.1976315609130348,1.426859000872657,0.18812175783475527
ses,middle_out,store,10,1.3051949899802149,1.576711007394488,0.20338952150970263
ses,middle_out,store_cat,30,1.2769284050237908,1.4711176062601499,0.09001851190623417
ses,middle_out,store_dept,70,1.2533999028051128,1.4627572109564362,0.07960905877251279
ses,middle_out,total,1,1.2339728768445206,1.524818825267193,
ses,ols,bottom,30490,0.9396856461111268,1.6609128378652376,0.002858012398197626
ses,ols,state,3,1.1239830638184807,1.3027487404485834,0.11951041511183863
ses,ols,store,10,1.31135520867708,1.5424064257196621,0.1715960478681447
ses,ols,store_cat,30,1.3322003681365864,1.5244883854639657,0.09953921848126024
ses,ols,store_dept,70,1.4358394687888802,1.6805380979534883,0.14873008927351616
ses,ols,total,1,1.1662503666928972,1.3755521046462067,
ses,top_down,bottom,30490,0.9621060325071742,1.614565300156793,0.0030947095969252204
ses,top_down,state,3,1.2407459048488902,1.4145838354659144,0.07294332717888613
ses,top_down,store,10,1.491214866193657,1.7329134347962998,0.23224257076992183
ses,top_down,store_cat,30,1.3267866038172362,1.486981038090985,0.10932249604330398
ses,top_down,store_dept,70,1.289469296323235,1.4699625696211487,0.09338710621071432
ses,top_down,total,1,1.1635169653927806,1.3635004461623284,
ses,wls_struct,bottom,30490,0.9201179694793344,1.6238243027387722,0.0027550831903291953
ses,wls_struct,state,3,1.1681676763212328,1.3863000987597858,0.1681357316892142
ses,wls_struct,store,10,1.226911652023951,1.4733633821337493,0.1448235497663824
ses,wls_struct,store_cat,30,1.1092678077594962,1.2636348534175115,0.07189696442532117
ses,wls_struct,store_dept,70,1.076524963116055,1.2159832315904189,0.04797985414973279
ses,wls_struct,total,1,1.2036887649497663,1.4726986444716574,
ses,wls_var,bottom,30490,0.9145605926222363,1.6294525774833855,0.002736304094648566
ses,wls_var,state,3,1.154896393986534,1.3539943651030137,0.13621653700692837
ses,wls_var,store,10,1.1556543611260488,1.4088570446275666,0.12983406797861963
ses,wls_var,store_cat,30,1.0708999202750007,1.2378518143969863,0.06476901002084104
ses,wls_var,store_dept,70,1.0408999240204324,1.1875137703757095,0.04406098329800089
ses,wls_var,total,1,1.2025236710262095,1.4704458141635965,
